"type","value","source"
"domain","startmenuexperiencehost.ydns.eu","public"
"domain","www.blazenewso.com","public"
"domain","www.privacypolicy-my.com","public"
"domain","www.sslvpnserver.com","public"
"domain","www.threadstub.com","public"
"hash_sha256","012D35DB72E0190FF649CB2D8FC91B6CA8E1F8677A172941E6C7AD49F4F0CB9A","public"
"hash_sha256","08A5D0D8EC398ACC707BB26CB3D8EE2187F8C33A3CBDEE641262CFC3AED1E91D","public"
"hash_sha256","0F1FDBC5ADB37F1DE0A586E9672A28A5D77F3CA4EFF8E3DCF6392C5E4611F914","public"
"hash_sha256","188AB2D68F17ECF08A7A4CFC6457C79B0A5117B3277352A7371A525416129114","public"
"hash_sha256","2B57DEB1F6F7D5448464B88BD96B47C5E2BD6E1C64C1B9214B57C4D35A591279","public"
"hash_sha256","2E84EA5CEF8A9A8A60C7553B5878A349A037CFFEAB4C7F40DA5D0873EDE7FF72","public"
"hash_sha256","3502C9E4896802F069EF9DCDBA2A7476E1208ECE3CD5CED9F1C4FD32D4D0D768","public"
"hash_sha256","36F00887F6C0AF63EF3C70A60A540C64040B13A4209B975E96CE239E65548D4A","public"
"hash_sha256","3D445C25752F86C65E03D4EBED6D563D48A22E424BA855001AD2DB2290BF564C","public"
"hash_sha256","3DFA22389FE1A2E4628C2951F1756005A0B9EFFDAB8DE3B0F6BB36B764E2B84A","public"
"hash_sha256","4E1F7B48249DD5BF3A857D5D017F0B88C0372749FA156F5456056767C5548345","public"
"hash_sha256","5959D4414CC6764212679EEC7C9ED5911EED6D24F310BC7B9BA570E11B84BE8F","public"
"hash_sha256","5C0E3209559F83788275B73AC3BCC61867ECE6922AFABE3AC672240C1C46B1D3","public"
"hash_sha256","6BD3D05AEF89CD03D6B49B20716775FE92F0CF8A3C2747094404EF98F96E9376","public"
"hash_sha256","71B95C3759F2C3E79AD7FA3E416F1F97F4FD291D77384E77128C86DDA38830A7","public"
"hash_sha256","7EFE5C1229178C1B48F6750C846575E7F48D17EA817997BD7ACBA0E5ECF1E577","public"
"hash_sha256","809DDCBB64D6F2CCC4A8909068DA60E6EA8B3EBD9C09DD826DEF0E188C7A2DA2","public"
"hash_sha256","866FDE351251092FB5532E743459BA80968CD5516CCE813C8755467F5E8A47A1","public"
"hash_sha256","917E5C0A8C95685DC88148D2E3262AF6C00B96260E5D43FE158319DE5F7C313E","public"
"hash_sha256","A86E72CA58DE6D215A59AE233963EAEA27FE47EF0C9F43938E27339DF4A86732","public"
"hash_sha256","B4A53F117722FB4AF0A64D30EC8AA4C4C82F456E3D2A5C5111C63CE261F3B547","public"
"hash_sha256","BB05F1EF4C86620C6B7E8B3596398B3B2789D8E3B48138E12A59B362549B799D","public"
"hash_sha256","C1322B21EB3F300A7AB0F435D6BCF6941FD0FBD58B02F7AF797AF464C920040A","public"
"hash_sha256","C208D8D0493C60F14172ACB4549DCB394D2B92D30BCAE4880E66DF3C3A7100E4","public"
"hash_sha256","C305B3B3F9426D024CDD262497A5D196264397BFED445705759D0A793A58FE6E","public"
"hash_sha256","D0FE6555BC72A7A45A836EA137850E6E687998EB1C4465B8AD1FB6119FF882AB","public"
"hash_sha256","D139BFE642F3080B461677F55768FAC1AE1344E529A57732CC740B23E104BFF0","public"
"hash_sha256","D8324C16EBB360BA431C0DB94954C084C6EB6D855C26923355AD8A82A94E1F69","public"
"hash_sha256","D88115113E274071B03A3B4C1DA99EAEA7B8D94ADF833DFD26943AF0A6D78B4D","public"
"hash_sha256","E2F6E722C26E19B76396C2502CACF2AACEAAA1486865578C665EBF0065641FFA","public"
"hash_sha256","E7666AF17732E9A3954F6308BC52866B937AC67099FAA212518D5592BACA5D44","public"
"hash_sha256","ECF0FBD72AAC684B03930AD2FF9CDD386E9C13DDF449F27918F337DC8963590E","public"
"hash_sha256","F094FF83D4B7D06BC17B15DB7D7DC0E622778B0EDA71E8FC9FDF7DB83C460426","public"
"hash_sha256","F438CA355E6888C4C9CD7287B22CFE5773992EF83F0B16E72FB9AE239D85586C","public"
"hash_sha256","F554C43707F5D87625A3834116A2D22F551B1D9A5AFF1E446D24893975C431BC","public"
"hash_sha256","F9816BC81DE2E8639482C877A8DEFCAED9B15FFDCE12BEAEF1CFF3FEA95999D4","public"
"url","http://dn710107.ca.archive.org/0/items/msi-pro-with-b-64_20251208_1511/MSI_PRO_with_b64.png","public"
"url","https://archive.org/download/optimized_msi_20250821/optimized_MSI.png","public"
"url","https://ia801706.us.archive.org/25/items/msi-pro-with-b-64_20251208/MSI_PRO_with_b64.png","public"
"url","https://pixeldrain.com/api/file/7B3Gowyz","public"
